{
  "project_info": {
    "project_number": "176579182449",
    "project_id": "billstext",
    "storage_bucket": "billstext.appspot.com"
  },
  "client": [
    {
      "client_info": {
        "mobilesdk_app_id": "1:176579182449:android:e76424ff274748313f80d0",
        "android_client_info": {
          "package_name": "com.example.bills"
        }
      },
      "oauth_client": [
        {
          "client_id": "176579182449-f0ap41dkjvhoua9g6bovg508qhg4h3ml.apps.googleusercontent.com",
          "client_type": 3
        }
      ],
      "api_key": [
        {
          "current_key": "AIzaSyBGsbtqpWQw1G--QljzDi58C6btCsOiTlY"
        }
      ],
      "services": {
        "appinvite_service": {
          "other_platform_oauth_client": [
            {
              "client_id": "176579182449-f0ap41dkjvhoua9g6bovg508qhg4h3ml.apps.googleusercontent.com",
              "client_type": 3
            }
          ]
        }
      }
    }
  ],
  "configuration_version": "1"
}